{
    "name": "root",
    "metadata": {
        "timer_format_version": "0.1.0",
        "start_time_seconds": "1763770636",
        "python_version": "3.10.12 | packaged by Anaconda, Inc. | (main, Jul  5 2023, 19:01:18) [MSC v.1916 64 bit (AMD64)]",
        "command_line_arguments": "C:\\Users\\nairn\\miniconda3\\envs\\mlagents\\Scripts\\mlagents-learn --run-id=playeragent1 --resume",
        "mlagents_version": "1.2.0.dev0",
        "mlagents_envs_version": "1.2.0.dev0",
        "communication_protocol_version": "1.5.0",
        "pytorch_version": "2.2.2+cu121",
        "numpy_version": "1.23.5",
        "end_time_seconds": "1763770903"
    },
    "total": 266.7616606000229,
    "count": 1,
    "self": 10.015303199994378,
    "children": {
        "run_training.setup": {
            "total": 0.14085239998530596,
            "count": 1,
            "self": 0.14085239998530596
        },
        "TrainerController.start_learning": {
            "total": 256.6055050000432,
            "count": 1,
            "self": 0.2214812976308167,
            "children": {
                "TrainerController._reset_env": {
                    "total": 20.95425259997137,
                    "count": 1,
                    "self": 20.95425259997137
                },
                "TrainerController.advance": {
                    "total": 235.07207130244933,
                    "count": 3641,
                    "self": 0.21086809958796948,
                    "children": {
                        "env_step": {
                            "total": 233.60797060182085,
                            "count": 3641,
                            "self": 179.80514840019168,
                            "children": {
                                "SubprocessEnvManager._take_step": {
                                    "total": 53.6601012001629,
                                    "count": 3642,
                                    "self": 0.7279778019874357,
                                    "children": {
                                        "TorchPolicy.evaluate": {
                                            "total": 52.93212339817546,
                                            "count": 3642,
                                            "self": 52.93212339817546
                                        }
                                    }
                                },
                                "workers": {
                                    "total": 0.14272100146627054,
                                    "count": 3640,
                                    "self": 0.0,
                                    "children": {
                                        "worker_root": {
                                            "total": 213.08169439819176,
                                            "count": 3640,
                                            "is_parallel": true,
                                            "self": 71.36090460018022,
                                            "children": {
                                                "steps_from_proto": {
                                                    "total": 0.0030538999708369374,
                                                    "count": 2,
                                                    "is_parallel": true,
                                                    "self": 0.0016413999255746603,
                                                    "children": {
                                                        "_process_rank_one_or_two_observation": {
                                                            "total": 0.0014125000452622771,
                                                            "count": 4,
                                                            "is_parallel": true,
                                                            "self": 0.0014125000452622771
                                                        }
                                                    }
                                                },
                                                "UnityEnvironment.step": {
                                                    "total": 141.7177358980407,
                                                    "count": 3640,
                                                    "is_parallel": true,
                                                    "self": 0.9007811968331225,
                                                    "children": {
                                                        "UnityEnvironment._generate_step_input": {
                                                            "total": 0.8516555983223952,
                                                            "count": 3640,
                                                            "is_parallel": true,
                                                            "self": 0.8516555983223952
                                                        },
                                                        "communicator.exchange": {
                                                            "total": 137.1548252023058,
                                                            "count": 3640,
                                                            "is_parallel": true,
                                                            "self": 137.1548252023058
                                                        },
                                                        "steps_from_proto": {
                                                            "total": 2.8104739005793817,
                                                            "count": 3640,
                                                            "is_parallel": true,
                                                            "self": 1.7107137988787144,
                                                            "children": {
                                                                "_process_rank_one_or_two_observation": {
                                                                    "total": 1.0997601017006673,
                                                                    "count": 7280,
                                                                    "is_parallel": true,
                                                                    "self": 1.0997601017006673
                                                                }
                                                            }
                                                        }
                                                    }
                                                }
                                            }
                                        }
                                    }
                                }
                            }
                        },
                        "trainer_advance": {
                            "total": 1.2532326010405086,
                            "count": 3640,
                            "self": 0.2831448001670651,
                            "children": {
                                "process_trajectory": {
                                    "total": 0.9700878008734435,
                                    "count": 3640,
                                    "self": 0.9700878008734435
                                }
                            }
                        }
                    }
                },
                "trainer_threads": {
                    "total": 2.200016751885414e-06,
                    "count": 1,
                    "self": 2.200016751885414e-06
                },
                "TrainerController._save_models": {
                    "total": 0.35769759997492656,
                    "count": 1,
                    "self": 0.060097499983385205,