{
    "name": "root",
    "metadata": {
        "timer_format_version": "0.1.0",
        "start_time_seconds": "1763773292",
        "python_version": "3.10.12 | packaged by Anaconda, Inc. | (main, Jul  5 2023, 19:01:18) [MSC v.1916 64 bit (AMD64)]",
        "command_line_arguments": "C:\\Users\\nairn\\miniconda3\\envs\\mlagents\\Scripts\\mlagents-learn --run-id=playeragent1 --resume",
        "mlagents_version": "1.2.0.dev0",
        "mlagents_envs_version": "1.2.0.dev0",
        "communication_protocol_version": "1.5.0",
        "pytorch_version": "2.2.2+cu121",
        "numpy_version": "1.23.5",
        "end_time_seconds": "1763774999"
    },
    "total": 1706.4680700000026,
    "count": 1,
    "self": 0.009695500019006431,
    "children": {
        "run_training.setup": {
            "total": 0.11323159997118637,
            "count": 1,
            "self": 0.11323159997118637
        },
        "TrainerController.start_learning": {
            "total": 1706.3451429000124,
            "count": 1,
            "self": 1.309859398053959,
            "children": {
                "TrainerController._reset_env": {
                    "total": 23.921089700015727,
                    "count": 1,
                    "self": 23.921089700015727
                },
                "TrainerController.advance": {
                    "total": 1680.7161944019608,
                    "count": 20434,
                    "self": 1.242130195721984,
                    "children": {
                        "env_step": {
                            "total": 1664.1268121006433,
                            "count": 20434,
                            "self": 1321.5459185933578,
                            "children": {
                                "SubprocessEnvManager._take_step": {
                                    "total": 341.7705760016106,
                                    "count": 20434,
                                    "self": 4.338894801621791,
                                    "children": {
                                        "TorchPolicy.evaluate": {
                                            "total": 337.4316811999888,
                                            "count": 20434,
                                            "self": 337.4316811999888
                                        }
                                    }
                                },
                                "workers": {
                                    "total": 0.8103175056749023,
                                    "count": 20433,
                                    "self": 0.0,
                                    "children": {
                                        "worker_root": {
                                            "total": 1684.48544440337,
                                            "count": 20433,
                                            "is_parallel": true,
                                            "self": 427.4093014062382,
                                            "children": {
                                                "steps_from_proto": {
                                                    "total": 0.006559200002811849,
                                                    "count": 1,
                                                    "is_parallel": true,
                                                    "self": 0.002676099946256727,
                                                    "children": {
                                                        "_process_rank_one_or_two_observation": {
                                                            "total": 0.003883100056555122,
                                                            "count": 2,
                                                            "is_parallel": true,
                                                            "self": 0.003883100056555122
                                                        }
                                                    }
                                                },
                                                "UnityEnvironment.step": {
                                                    "total": 1257.0695837971289,
                                                    "count": 20433,
                                                    "is_parallel": true,
                                                    "self": 5.250897997175343,
                                                    "children": {
                                                        "UnityEnvironment._generate_step_input": {
                                                            "total": 4.926947902655229,
                                                            "count": 20433,
                                                            "is_parallel": true,
                                                            "self": 4.926947902655229
                                                        },
                                                        "communicator.exchange": {
                                                            "total": 1231.1720597000094,
                                                            "count": 20433,
                                                            "is_parallel": true,
                                                            "self": 1231.1720597000094
                                                        },
                                                        "steps_from_proto": {
                                                            "total": 15.719678197288886,
                                                            "count": 20433,
                                                            "is_parallel": true,
                                                            "self": 9.659597699064761,
                                                            "children": {
                                                                "_process_rank_one_or_two_observation": {
                                                                    "total": 6.060080498224124,
                                                                    "count": 40866,
                                                                    "is_parallel": true,
                                                                    "self": 6.060080498224124
                                                                }
                                                            }
                                                        }
                                                    }
                                                }
                                            }
                                        }
                                    }
                                }
                            }
                        },
                        "trainer_advance": {
                            "total": 15.347252105595544,
                            "count": 20433,
                            "self": 1.599888903554529,
                            "children": {
                                "process_trajectory": {
                                    "total": 6.248555602040142,
                                    "count": 20433,
                                    "self": 6.248555602040142
                                },
                                "_update_policy": {
                                    "total": 7.498807600000873,
                                    "count": 1,
                                    "self": 4.195543699839618,
                                    "children": {
                                        "TorchPPOOptimizer.update": {
                                            "total": 3.303263900161255,
                                            "count": 30,