{"count":1,"self":226.71851519999998,"total":1840.4046558999999,"children":{"InitializeActuators":{"count":1,"self":0.0025123999999999997,"total":0.0025123999999999997,"children":null},"InitializeSensors":{"count":1,"self":0.0019998999999999998,"total":0.0019998999999999998,"children":null},"AgentSendState":{"count":782667,"self":1.3893818,"total":4.1443902,"children":{"CollectObservations":{"count":156534,"self":0.24566159999999998,"total":0.24566159999999998,"children":null},"WriteActionMask":{"count":156534,"self":0.1245285,"total":0.1245285,"children":null},"RequestDecision":{"count":156534,"self":0.5806943,"total":2.3848183,"children":{"AgentInfo.ToProto":{"count":156534,"self":0.6818214,"total":1.8041239999999998,"children":{"GenerateSensorData":{"count":156534,"self":1.1223026,"total":1.1223026,"children":null}}}}}}},"DecideAction":{"count":782667,"self":1606.8450303999998,"total":1606.8450171,"children":null},"AgentAct":{"count":782667,"self":2.6484338,"total":2.6534643,"children":{"AgentInfo.ToProto":{"count":511,"self":0.0010065999999999999,"total":0.0050304999999999994,"children":{"GenerateSensorData":{"count":511,"self":0.0040238999999999995,"total":0.0040238999999999995,"children":null}}}}},"AgentInfo.ToProto":{"count":3002,"self":0.0206461,"total":0.0377509,"children":{"GenerateSensorData":{"count":3002,"self":0.0171048,"total":0.0171048,"children":null}}}},"gauges":{"PlayerAgent.CumulativeReward":{"count":3513,"max":2.95900035,"min":-1.91691792,"runningAverage":1.506072,"value":2.66496325,"weightedAverage":2.5103178}},"metadata":{"timer_format_version":"0.1.0","start_time_seconds":"1770498153","unity_version":"6000.0.60f1","command_line_arguments":"C:\\Program Files\\Unity\\Hub\\Editor\\6000.0.60f1\\Editor\\Unity.exe -projectpath C:\\Users\\nairn\\Documents\\QA -acceptSoftwareTermsForThisRunOnly -useHub -hubIPC -cloudEnvironment production","communication_protocol_version":"1.5.0","com.unity.ml-agents_version":"4.0.0","scene_name":"SampleScene","end_time_seconds":"1770499993"}}